0.22045,7.2539e-05,0.00010302,3.18e-06,0.00023901,0.00085355,0.002089,2.012e-05,3.546e-05,0.11554,0.59723,0.00028417,0.00059218,0.00025663,0.00046682,3.766e-05,2.166e-05,1.962e-05,0.10634,7.01e-05,7e-05,0.00017132,0.0010095,6e-08,0.00014896,0.22555,0.15016,0.00051099,0.0511,5.394e-05,7.5619e-05,6.726e-05
3.0244,3.4655,2.2279,1.7606,1.8138,4.3825,4.1256,2.0038,3.0158,2.793,2.4018,3.9254,5.0341,4.4457,2.1821,2.7142,2.0899,1.3084,2.1156,2.3753,3.9325,2.359,4.3898,1.8824,3.6137,2.3004,2.445,3.0401,1.5385,2.2018,2.3891,2.8653
0.94776,1.4579,0.65698,0.27382,2.751,0.93616,0.91414,0.69643,0.85202,0.62693,0.6685,6.2461,0.94991,0.80008,0.63035,0.66074,0.58479,0.40323,1.1409,1.1942,0.97165,2.3814,2.5881,0.55545,0.74239,0.79653,0.53204,1.1772,1.0625,0.76453,0.76122,0.84447
2.1072,2.0168,1.3928,1.1769,1.4678,2.36,2.3409,1.3099,1.7904,1.5702,1.2529,3.3302,2.4896,1.836,1.1833,1.5049,1.1657,0.90578,1.3946,1.5384,2.4116,1.4612,3.1252,1.3393,2.1527,1.6834,1.2079,1.6094,1.4387,1.5658,1.75,1.6149
2.4383,2.5841,2.4561,2.5111,2.6543,3.1421,3.0117,1.8248,2.936,2.2421,2.3246,4.0871,3.1434,2.3946,1.9794,2.4732,1.7707,1.6985,2.3569,2.029,3.1126,2.1836,4.5337,2.1349,2.873,2.4789,1.8498,2.2888,2.2462,2.3274,2.8863,2.5563
5.1264,5.5444,5.8805,6.6419,6.3473,5.768,5.9449,4.1624,6.9009,5.1756,5.551,7.7132,6.2757,4.804,4.5181,5.6029,4.141,2.5655,5.675,4.4934,5.92,4.8411,10.791,4.962,5.7568,5.6998,4.4012,4.494,5.1469,4.7389,6.7176,5.7207
1.7052,1.1509,0.69986,1.8062,0.42485,0.92332,1.2372,0.76291,0.56072,1.0824,0.82182,0.61948,1.743,2.4792,1.3587,0.74029,0.63365,0.58518,0.76185,0.71041,0.87649,0.78566,0.5351,0.80907,1.226,0.74179,0.88073,0.783,0.25288,1.2741,0.74139,1.1341
1.0268,1.4326,0.93026,0.87459,1.0587,1.0333,1.4318,0.79732,0.71461,0.86866,1.2227,0.97853,1.0354,0.88082,0.98544,0.81825,0.74108,0.4234,0.83722,1.1275,0.96885,0.61303,1.1156,0.52199,0.88634,1.0845,0.84567,0.96574,1.0312,0.72766,0.83235,1.178
1.7625,1.8835,2.0574,2.2328,1.5221,1.9823,1.7138,1.8372,1.9556,2.0429,1.7546,1.2592,1.5862,1.4816,1.458,2.4102,2.1151,1.1594,1.9231,1.5425,2.111,1.4335,1.1778,1.6746,1.6029,1.888,1.8397,1.6758,2.3292,1.9848,2.6087,1.8814
1.296,1.2605,1.4164,1.7288,0.949,1.3513,1.1768,1.3555,1.4835,1.4618,1.3652,0.85192,1.1199,1.4372,1.1564,1.5613,1.5731,0.81571,1.2268,1.1055,1.3262,1.2429,0.6399,1.1816,1.1228,1.3964,1.3792,1.2323,1.7432,1.3633,1.689,1.2962
1.8021,1.8464,2.0167,2.2296,1.4787,1.9581,1.6974,1.8587,1.9701,2.1471,1.7531,1.2816,1.545,1.3599,1.4903,2.3045,2.2391,1.2279,1.8695,1.5628,2.0637,1.4517,1.2041,1.7748,1.589,1.8893,1.8492,1.7244,2.2744,1.9227,2.5033,1.8943
1.3109,1.2475,1.4041,1.7251,0.95516,1.3697,1.1956,1.2595,1.4793,1.461,1.3481,0.87309,1.1026,1.3041,1.1702,1.5652,1.6038,0.84767,1.2391,1.0854,1.3255,1.0821,0.63704,1.2078,1.1074,1.2609,1.4104,1.2563,1.7326,1.4096,1.678,1.2911
1.5538,1.7017,1.8842,2.0036,1.4057,1.8068,1.5791,1.6712,1.7666,1.8625,1.5801,1.4562,1.4991,1.3163,1.3713,2.1929,1.8636,1.0221,1.7136,1.45,1.909,1.299,1.8667,1.5358,1.4836,1.7129,1.6713,1.5584,2.1642,1.848,2.3459,1.729
1.2214,1.1835,1.3476,1.6289,0.89289,1.2882,1.1238,1.2763,1.4079,1.3729,1.2836,0.79945,1.0513,1.3545,1.0889,1.4904,1.4753,0.76579,1.1667,1.0384,1.2658,1.1673,0.60019,1.1208,1.0684,1.3249,1.3098,1.1689,1.6429,1.2806,1.6081,1.2339
1.8823,1.925,2.1156,2.3441,1.5473,2.0501,1.7724,1.9454,2.0708,2.2382,1.8323,1.3402,1.6106,1.4284,1.5542,2.4147,2.3452,1.2835,1.9621,1.6196,2.169,1.5076,1.2646,1.8533,1.6595,1.9769,1.925,1.8003,2.3842,2.0111,2.632,1.9898
1.3841,1.3102,1.4939,1.8448,1.0098,1.4518,1.2607,1.3335,1.5809,1.5344,1.4266,0.92283,1.1594,1.3946,1.234,1.6609,1.7018,0.8954,1.3188,1.1274,1.4146,1.131,0.67713,1.2728,1.1679,1.334,1.4816,1.3254,1.8429,1.4925,1.7928,1.3769
1.1368,1.0829,1.455,1.9119,0.91079,1.4242,1.1623,1.1374,1.3646,1.2939,1.1804,0.7567,1.042,1.1759,1.0485,1.6904,1.3365,0.70907,1.2816,0.98656,1.4041,0.90798,0.55071,1.1416,1.1186,1.196,1.2766,1.1953,1.747,1.2356,1.7987,1.2445
1.5644,1.9017,2.1143,2.1463,0.74266,2.0568,1.8591,1.2535,2.0701,2.0107,1.2829,0.9969,1.862,1.4529,1.6305,2.3115,1.3335,1.8382,1.3082,1.9717,1.5838,2.3015,0.77021,2.4449,1.7335,1.2146,2.0599,2.1117,1.0417,1.4192,2.203,1.5829
1.0281,1.875,1.7309,2.1041,2.5652,1.702,1.3425,1.0669,1.2641,1.347,1.1687,1.3661,1.8301,1.6003,0.94816,1.8922,1.2039,1.1644,1.0276,1.2043,1.637,0.72063,0.52486,0.946,1.6023,1.1702,1.2023,1.808,3.3914,1.4809,1.964,1.5227
1.0281,1.875,1.7309,2.1041,2.5652,1.702,1.3425,1.0669,1.2641,1.347,1.1687,1.3661,1.8301,1.6003,0.94816,1.8922,1.2039,1.1644,1.0276,1.2043,1.637,0.72063,0.52486,0.946,1.6023,1.1702,1.2023,1.808,3.3914,1.4809,1.964,1.5227
0.97467,2.1831,0.9336,0.56083,1.2281,1.7382,0.86725,1.2466,1.0073,1.3372,0.83814,0.45464,0.85066,1.1436,1.6453,0.9464,0.97608,0.69066,1.2828,1.0572,1.6373,1.2136,0.12544,1.0991,1.4552,0.9223,0.56483,1.3302,0.64255,0.67006,1.2601,1.0767
0.48842,0.51815,0.6799,0.75064,0.21256,0.70856,0.91387,0.36129,0.68491,0.54371,0.49303,0.2693,0.63725,0.78309,0.4734,0.67394,0.33956,0.50031,0.48795,0.52924,0.60604,0.62005,0.197,0.66065,0.84723,0.393,0.58443,0.6475,0.2789,0.39595,0.69194,0.49298
0.014431,0.2559,0.16364,0.0035779,3.0739,0.98215,4.0318,0.38518,0.081073,0.84374,1.4643,0.001545,2.1028,2.0185,0.018435,0.0085732,0.0013915,0.13772,0.60583,0.022703,0.96037,0.032347,0.070678,0.1355,4.1202,0.050351,0.0074247,0.3437,0.1632,0.0058906,0.41942,0.66058
2.1806,1.7704,2.0386,0.58369,3.6329,1.3054,1.2114,2.3293,2.2204,1.8177,2.4822,1.6904,2.9267,4.2943,2.9492,1.3362,2.5228,0.49345,1.461,2.0886,1.4741,0.83813,0.99097,0.90275,1.2796,3.4625,1.8846,0.89439,1.0701,0.97438,1.338,2.4378
2.1806,1.7704,2.0386,0.58369,3.6329,1.3054,1.2114,2.3293,2.2204,1.8177,2.4822,1.6904,2.9267,4.2943,2.9492,1.3362,2.5228,0.49345,1.461,2.0886,1.4741,0.83813,0.99097,0.90275,1.2796,3.4625,1.8846,0.89439,1.0701,0.97438,1.338,2.4378
3.6197,3.5231,3.5711,3.814,3.8673,3.6444,4.5686,2.4423,4.2489,3.098,3.4176,4.4,4.6489,4.3297,2.9474,3.3193,2.426,1.7927,3.3186,2.8295,3.7456,3.226,6.4848,2.8875,4.3769,3.3086,2.7087,2.9014,3.2615,3.1049,3.9411,3.5588
3.7145,3.618,3.6565,3.8983,3.9611,3.7203,4.6564,2.5185,4.3355,3.1752,3.4902,4.5447,4.7842,4.4193,3.0117,3.4124,2.5228,1.849,3.3938,2.8976,3.8228,3.2754,6.5856,2.9664,4.4718,3.3847,2.765,2.9612,3.437,3.1908,4.0383,3.652
3.0383,2.4858,2.2407,2.1864,2.3895,2.44,3.5528,1.4084,2.4914,1.9358,2.5712,2.8013,3.8227,3.58,2.0701,1.8021,1.3822,1.1044,1.7517,1.79,2.4407,1.9949,4.9381,1.5866,3.4284,1.9876,1.5818,2.0153,1.9735,1.9797,2.2071,2.3183
3.5402,3.3245,3.3668,3.5632,3.7085,3.5229,4.3756,2.2949,4.1391,2.9277,3.2301,4.1717,4.4725,4.2483,2.7512,3.1168,2.2659,1.9711,3.1,2.77,3.5554,3.1512,6.2621,2.8389,4.2036,3.0946,2.5312,2.8286,3.1177,2.9295,3.7323,3.3293
2.0239,2.4256,1.7531,1.3737,1.9334,2.3009,2.7538,1.6208,1.5762,1.5083,1.6274,2.5105,3.4885,3.0701,1.5761,1.8867,1.516,0.9976,1.5381,1.6588,2.2561,1.3646,1.8666,1.3125,2.6417,1.7103,1.6609,1.6932,1.5871,1.7093,1.9254,1.751
3.514,1.3775,0.31398,0.48618,0.38029,1.2505,1.1088,0.53022,1.7693,1.4296,1.514,0.67051,0.43458,4.3795,1.8438,0.28402,0.49858,0.33622,0.96944,0.49253,1.322,0.6306,0.74929,0.549,0.59854,0.52842,0.90584,0.50594,0.31118,0.29099,0.70284,0.48898
4.6449,5.0094,5.2891,5.9504,5.7125,5.1821,5.3535,3.7728,6.1834,4.658,4.9811,6.9965,5.7147,4.3574,4.0597,5.0574,3.7837,2.3368,5.0981,4.0468,5.3149,4.3171,9.615,4.4741,5.1969,5.1208,3.9456,4.0387,4.8111,4.29,6.0401,5.1618
2.5794,1.8236,2.187,1.604,1.5235,2.4892,2.5624,2.7946,1.3162,1.3071,1.5639,2.3621,1.1185,0.91314,1.2238,2.2209,2.2955,0.93204,1.1351,1.4815,2.5637,1.4197,1.6006,0.9851,2.4054,1.6594,2.4875,2.0428,1.8113,1.2122,2.0843,1.7095
2.7735,1.72,1.8283,4.8854,1.4316,1.6637,2.0508,1.1817,2.5115,1.7872,2.48,0.58634,1.381,0.90154,2.3414,1.8757,2.1909,1.991,1.8395,1.1932,1.4827,1.206,0.16577,1.1595,1.5773,1.5356,2.4069,1.516,4.5408,2.7521,1.9553,2.2648
2.1528,1.5566,2.0155,3.3776,1.1381,1.9592,2.0512,1.6492,2.7188,2.0568,2.2334,1.148,1.3818,1.2024,1.8283,2.225,2.1558,1.0801,2.1101,1.3812,1.8497,1.7423,0.75651,1.7969,1.7757,1.6681,2.1531,1.844,1.9016,1.9685,2.5473,2.0239
3.5082,1.7116,2.2906,0.98664,0.18216,3.043,1.7798,2.5304,3.3842,2.5734,2.514,0.16015,2.3461,1.8475,2.0418,1.1587,2.2316,2.5232,2.043,3.0583,2.3485,3.1768,0.17465,3.0027,1.8797,3.8918,1.3486,2.4612,3.1616,2.1256,1.7227,3.6591
3.2539,2.7681,1.8229,1.97,1.0698,1.6098,1.3195,1.7084,2.3017,1.7035,1.5815,3.8005,2.0922,2.5255,1.5348,1.3536,1.569,0.72407,1.9262,2.0065,1.7106,1.2595,4.4024,1.0861,1.2649,2.0894,1.373,1.1937,0.95354,1.8619,1.5648,2.0576
2.7503,1.0556,1.3398,2.6476,1.5205,2.2751,0.89521,1.12,2.2986,1.1518,1.3235,2.6147,1.0413,2.5976,1.136,0.78667,0.90647,0.44425,1.9305,2.1489,1.8489,2.0757,6.5403,1.6177,0.79493,1.6398,1.3826,1.4963,0.98503,1.5474,0.79682,1.814
4.0288,5.8085,5.2306,4.393,5.5325,5.9998,6.085,3.673,5.7376,4.5083,4.3257,6.3201,6.1752,4.8689,3.7322,4.5496,3.0989,1.8589,5.0463,3.8906,6.4454,3.4005,10.832,3.945,5.978,4.9494,3.6289,4.3824,3.6064,3.7356,6.3748,4.5459
2.1469,2.0624,1.5763,2.1798,1.8897,1.8338,2.4357,1.2313,1.7517,1.9061,2.0129,2.356,2.342,2.6266,1.3499,1.4684,1.4328,1.2987,1.3881,1.6318,1.9389,1.4836,2.3285,1.3319,2.0192,1.7202,1.3777,1.4852,1.5075,1.7093,1.6601,1.7818
3.3302,1.612,1.6949,1.0523,1.4783,2.681,2.0294,1.4039,2.1227,1.4459,1.7495,3.0808,1.8709,4.3545,1.6327,1.582,1.6359,1.1395,2.0625,1.6603,2.6043,1.4373,3.9806,1.2051,1.7337,1.731,1.1797,1.4067,1.1689,1.4277,1.7192,1.8246
1.6638,2.8311,1.9041,1.206,1.3122,2.2201,3.1814,2.1626,1.786,2.967,2.2101,2.7452,3.1211,2.8403,2.1908,2.3482,2.1995,1.2818,2.1053,2.137,2.6279,2.0477,1.2491,2.3029,2.6235,2.4778,2.1457,2.0778,1.6601,2.9291,2.3632,2.205
3.5527,2.0077,2.1105,0.86377,1.4157,3.7772,2.5715,1.9251,2.506,2.0606,2.4333,2.6283,2.4268,4.8773,1.8311,1.6108,2.0433,1.3198,2.5468,2.293,3.5489,1.4786,3.1395,1.2478,2.3221,2.0465,1.2449,2.2135,1.1562,1.8353,1.8076,2.3815
1.0979,1.4612,1.6335,0.64754,0.92924,1.7233,1.8343,1.4661,1.284,1.7167,1.6083,3.2992,1.8558,0.94893,1.4778,1.361,1.6643,0.8498,1.2071,1.4488,1.6827,1.323,0.62625,1.6456,1.8839,1.2517,1.7194,1.5399,1.2905,2.0387,1.3065,1.3851
1.8412,2.221,1.6701,1.06,2.116,2.2493,2.9219,2.0121,2.0663,2.8058,2.1625,2.5877,2.0335,1.7746,1.5196,1.9478,2.6866,1.3746,1.5395,2.1369,2.3727,1.6225,1.6928,1.3994,2.371,2.2129,1.7718,1.6428,2.1419,2.2159,2.1697,2.3981
1.9712,2.0433,1.8765,1.6256,1.5601,2.1981,2.5001,1.8012,1.0978,2.3575,1.9465,1.4878,2.3136,1.9772,2.101,1.7077,2.4692,1.5811,0.99423,1.8603,2.406,1.7513,0.60295,0.90512,2.253,1.1865,0.89107,2.0177,1.7049,1.0723,1.266,1.2159
3.4844,2.526,2.4871,1.9038,1.9485,3.4468,2.8771,2.2179,2.4076,2.0926,2.988,2.1585,2.1275,3.2066,1.7483,1.5542,1.9729,1.8395,2.4346,2.7054,3.5107,2.7084,1.7606,1.2948,2.7534,2.1709,1.5894,3.3328,2.9207,2.5198,1.9485,2.3841
2.4964,1.9756,1.808,1.6301,1.5877,2.3963,1.9573,1.6549,1.7864,1.5313,2.0411,1.6914,1.6026,2.3423,1.2867,1.28,1.5422,1.3941,1.8062,2.0026,2.3833,1.9375,1.3108,1.0959,1.937,1.6038,1.2231,2.0548,2.1797,1.9028,1.4223,1.7647
3.3521,2.4192,2.3551,1.879,1.8812,2.9778,2.32,2.0173,1.9708,1.8068,2.5726,2.0685,2.396,2.8687,1.7096,1.6726,1.8376,1.6319,2.327,2.408,2.9981,2.3164,1.5935,1.1802,2.3548,2.0169,1.9357,2.5573,2.5786,2.3834,1.7991,2.1703
0.96794,1.0648,0.68754,0.76678,0.6976,0.80008,0.91557,1.7803,1.1029,2.8967,1.602,1.2302,5.9708,0.77099,0.93826,1.7228,1.7854,1.7817,2.5911,1.2808,0.7088,1.1007,0.86224,0.97852,0.72324,0.99128,1.6537,0.79842,3.002,1.2468,1.386,1.3287
3.5527,2.0077,2.1105,0.86377,1.4157,3.7772,2.5715,1.9251,2.506,2.0606,2.4333,2.6283,2.4268,4.8773,1.8311,1.6108,2.0433,1.3198,2.5468,2.293,3.5489,1.4786,3.1395,1.2478,2.3221,2.0465,1.2449,2.2135,1.1562,1.8353,1.8076,2.3815
3.5266,3.9474,3.6388,3.9344,4.0819,4.3666,4.2201,2.6009,4.2451,3.2528,3.4667,5.6804,4.674,5.0721,2.8272,3.4385,2.5781,1.7724,3.5176,3.0161,4.3561,3.423,7.1371,3.0521,4.0691,3.6513,2.7192,3.235,3.5291,3.0103,4.1161,3.8505
3.3726,3.7502,3.4998,3.815,3.9444,4.4749,4.2364,2.4887,4.2434,3.2321,3.3494,5.5966,4.5607,5.5381,2.6684,3.3314,2.536,1.7055,3.2693,2.9998,4.5,3.4092,6.7641,3.0926,4.1157,3.4686,2.6083,3.1942,3.3342,3.0496,4.0311,3.6948
1.28,1.4166,0.90525,1.0212,0.90343,1.0346,1.2099,2.3738,1.4706,3.8581,1.917,1.6388,2.404,1.0265,1.2473,2.2756,2.3788,2.3712,3.4529,1.6848,0.94181,1.4603,1.1497,1.2997,0.95382,1.3217,2.2019,1.0423,3.997,1.1796,1.8417,1.7538
1.097,1.0644,0.61681,0.61264,0.86981,0.99582,0.9722,0.47816,0.80485,0.8505,0.71469,1.2969,6.8056,3.8176,0.70348,0.67699,0.97252,0.66346,0.90356,1.5339,0.92822,1.3778,0.93948,0.7889,0.92607,0.45832,0.61654,1.0094,0.76017,0.96344,0.74211,0.51121
4.1404,4.2002,2.7563,1.8678,3.414,3.1899,2.9868,3.5548,3.0301,4.2145,4.3552,4.3516,3.9483,2.4619,3.8711,3.1533,5.1803,2.8915,3.3691,4.1268,2.4259,4.0353,1.6563,3.4009,3.2574,3.3929,3.5469,3.2015,2.5374,3.8176,2.6671,4.0588
1.1362,1.1948,1.9149,2.2209,0.78122,2.034,2.4595,1.6433,1.2648,1.264,1.3309,1.4319,1.4845,1.4393,1.4059,2.3363,1.539,0.49213,1.039,1.1667,1.8623,1.8838,2.2481,1.9981,2.3401,1.4081,2.6029,1.566,1.7961,1.7632,2.4069,2.2619
0.090828,0.048741,0.14639,0.18297,0.032245,0.28502,1.7553,0.066981,0.030113,0.55948,0.059331,0.053189,0.31302,0.036673,0.065544,0.059943,0.12621,1.4467,0.028771,0.048832,0.35905,3.914,0.066859,0.099947,1.8044,0.054648,0.11151,0.087069,0.11649,0.052169,0.14334,0.032201
0.97516,1.0275,0.94822,0.96046,1.2354,1.0926,2.4621,0.94621,1.4009,1.1254,1.0746,1.3897,2.525,2.6031,0.83119,0.83411,1.0259,0.88008,0.84414,1.096,0.91275,1.0233,1.9084,1.0159,2.4764,1.0424,0.83062,1.0136,0.81402,1.0901,0.95474,1.0445
2.597,2.596,2.0323,2.7349,3.0376,2.2592,2.7909,1.6926,2.8429,1.9841,2.3707,3.9507,2.4788,2.2392,1.6649,1.9198,2.1058,1.1165,1.789,2.1294,2.2712,1.8943,4.6336,2.0405,2.4366,2.3765,1.8061,1.999,2.5091,2.1636,2.1351,2.4404
4.0516,3.77,3.6782,4.0454,4.3788,3.8469,3.9598,2.662,4.6162,3.2678,3.4155,5.5935,4.352,3.6878,2.8081,3.4531,2.6323,1.9583,3.4915,3.0805,3.8556,3.5605,7.0929,3.2465,3.8571,3.509,2.716,3.0107,3.3546,3.0611,4.2139,3.5231
2.2027,1.994,1.8557,1.8808,2.0256,2.3114,2.2719,1.458,2.3199,1.8909,1.7225,2.4488,2.6171,2.8209,1.5411,1.8696,1.6272,1.5763,1.7769,1.6923,2.2445,1.7362,2.8686,1.706,2.1402,1.7648,1.4863,1.9393,1.9637,1.915,2.0981,1.951
1.755,1.4613,1.5048,1.4505,1.19,1.5814,1.3385,1.6799,1.7796,1.7036,1.6956,1.6391,3.6918,3.3326,1.493,1.6711,1.5399,0.81456,1.1773,1.7136,1.6293,1.1951,1.6852,2.365,1.1379,1.5206,1.248,1.5686,0.96287,1.9851,1.7452,1.7938
2.7065,2.781,2.5543,2.5949,2.8631,2.9401,4.0104,2.0285,3.1374,2.6636,2.6811,3.5841,3.9529,4.4737,2.1059,2.2692,2.045,1.2542,2.3473,2.4695,2.8842,2.4968,4.3004,2.4571,3.8789,2.5416,1.897,2.3396,2.2863,2.6668,2.8392,2.75
2.1484,2.1008,2.0626,2.2309,2.1427,2.4027,2.5744,1.6563,2.438,2.1845,1.9382,2.3852,2.8735,2.957,1.7485,2.0561,1.8341,1.5463,1.9149,1.8595,2.3626,1.7138,2.8385,1.9647,2.4772,1.9448,1.6681,2.0185,1.9706,2.209,2.3062,2.179
1.6285,1.8979,1.5222,1.205,1.428,2.3463,5.2396,1.5168,1.4597,1.5657,2.0598,1.015,3.6674,6.3631,1.4542,1.1497,1.389,0.99053,1.1852,1.2677,2.0567,1.5604,0.46762,1.388,4.9312,1.6166,1.1708,1.6572,1.1646,1.7264,1.4057,1.8669
0.78001,0.35149,0.6665,0.071017,0.18433,0.20864,0.29155,0.41532,0.24344,0.29352,0.6146,0.6394,0.43451,0.18218,0.66315,0.33737,0.13812,0.14122,0.56935,0.30502,0.11747,0.13413,0.17993,0.33812,0.24451,0.33517,3.3756,0.2516,0.61616,0.30805,0.12418,0.44849
2.8306,2.1497,1.9508,0.6904,1.8638,2.7662,2.3905,2.0144,1.4322,1.8856,2.2615,2.1507,2.9101,1.3539,1.3954,1.5219,2.1899,0.88345,2.1296,2.1239,2.7662,1.4958,1.2144,0.93818,2.1474,2.0737,1.5651,2.4205,2.1994,3.3863,1.5498,2.3773
0.96589,1.481,0.71618,0.3791,3.3992,0.79595,3.2748,0.74381,1.8159,1.3839,1.897,2.8313,8.5741,10.416,0.51005,0.9815,3.4351,10.372,1.7129,2.0425,0.51143,2.7833,7.8367,3.3625,2.6324,0.73288,1.3595,2.5108,3.4766,2.3193,1.0467,0.98504
3.4462,3.124,3.0935,3.1911,3.7225,3.3086,3.0632,2.3605,3.6772,2.8715,2.8507,4.5426,3.4755,3.1503,2.4885,2.89,2.5509,1.7738,2.886,2.5373,3.3838,2.8139,5.195,2.5281,3.0893,3.0912,2.4332,2.8962,2.932,3.0111,3.4054,3.071
2.0079,1.8872,1.8276,1.8775,2.0583,2.2987,2.2462,1.4583,2.1842,1.9007,1.6782,2.3894,2.6236,2.711,1.527,1.8499,1.6221,1.4509,1.7426,1.6402,2.2687,1.6462,2.7296,1.6542,2.1062,1.7564,1.459,1.9322,1.9185,1.9006,2.0782,1.918
3.87,3.7367,3.6437,4.0337,4.2753,3.7227,3.8393,2.6489,4.4323,3.2369,3.3742,5.5804,4.2114,3.4991,2.8092,3.433,2.6327,1.6395,3.4885,2.9514,3.8005,3.4075,6.8941,3.0909,3.7288,3.5066,2.716,2.8825,3.2747,3.041,4.1613,3.5204
2.1819,2.1039,1.9296,1.9853,2.1069,2.3982,2.386,1.5495,2.3342,1.9799,1.79,2.6008,2.6954,2.8193,1.6284,1.9623,1.7215,1.5775,1.8687,1.7442,2.3708,1.734,2.9532,1.7372,2.2238,1.8714,1.5661,2.0033,1.9687,2.0205,2.1959,2.0616
3.5732,2.8843,2.5909,1.3044,1.2287,5.1331,4.8893,2.2446,2.4294,3.9851,4.2398,1.6782,9.0077,10.405,2.6746,1.2495,2.0205,1.8059,1.9912,1.8424,5.0717,2.2399,0.79122,2.7739,5.0821,2.3082,1.9063,3.296,1.3402,3.4063,1.463,4.1346
0.022338,0.17757,0.0071174,0.31499,1.3272,0.023513,0.011624,0.17355,0.045269,0.038384,0.029767,0.0065227,0.50564,0.009937,0.025874,0.028545,0.037765,0.023479,0.067724,0.13823,0.022897,0.020133,0,0.022566,0.02029,0.017722,0.014832,0.021747,0.3154,0.022203,0.03943,0.066904
1.6064,1.878,3.0916,1.6826,4.7338,2.4569,1.7613,2.6925,1.9903,1.8415,1.8374,1.9961,1.2471,0.33522,2.0648,3.7278,2.1322,5.465,0.84067,2.0849,3.0451,3.9002,0.50577,2.8297,1.9499,2.8144,2.4272,4.0216,3.9913,3.8944,3.5345,2.4037
3.2457,3.1581,2.8904,3.1155,3.5058,3.1898,3.2876,2.1709,3.5512,2.6916,2.7264,4.7346,3.6949,2.9454,2.2712,2.7855,2.1439,1.3614,2.8417,2.463,3.2424,2.7829,5.6347,2.4806,3.1454,2.8772,2.2068,2.458,2.7139,2.5579,3.3588,2.8804
2.164,1.9905,1.8789,1.9081,2.0592,2.277,2.2483,1.4691,2.3053,1.9056,1.7496,2.5038,2.5742,2.7689,1.5363,1.9188,1.6646,1.4438,1.7789,1.6657,2.2464,1.7009,2.8175,1.6998,2.1234,1.7852,1.5137,1.9223,1.8862,1.928,2.1475,1.9632
0.65406,0.46713,0.92437,0.29134,2.2117,0.97386,1.9338,0.68231,0.63025,1.392,1.0414,0.50199,2.6012,1.8615,0.92651,0.93643,0.51969,0.67527,0.85918,1.0972,0.90952,0.52899,0.18889,0.4472,2.3125,0.51867,1.1551,1.1421,0.4514,1.5838,0.99931,1.137
0.16511,1.2635,0.30055,0.1281,2.6647,0.52305,1.4788,0.19934,0.35022,0.32282,0.28935,0.60802,2.7564,3.5129,0.24522,0.33076,0.55615,2.0955,0.27376,1.1183,0.47963,0.2007,0.046966,0.16518,0.88557,0.17902,0.25817,0.399,0.88465,1.15,0.37429,0.80636
1.0796,1.2615,1.0804,0.90937,1.4984,1.557,1.3766,1.0407,1.7038,1.4818,1.4796,1.2851,1.7395,4.9551,1.4492,1.3874,1.3711,2.5945,1.3238,1.6246,1.6141,1.1604,0.94716,1.4172,1.4836,1.0813,0.99085,1.3575,1.0985,2.1915,1.6045,1.5767
1.5365,1.2146,0.9386,0.69442,1.3245,1.9047,1.6125,0.65749,1.1868,0.85971,0.96727,2.2192,1.9902,3.3999,0.85981,0.87956,0.77476,1.5561,0.97524,1.1301,1.7058,1.1954,2.2269,0.84956,1.4838,0.94212,0.64513,1.3602,0.96231,0.9646,1.0094,1.1315
-1,-1,-1,-1,-1,-1,-1,-1,-1,-1,-1,-1,-1,-1,-1,-1,-1,-1,-1,-1,-1,-1,-1,-1,-1,-1,-1,-1,-1,-1,-1,-1
7.1817,2.4721,0.5225,0.036717,2.8887,0.32616,0.14603,1.4252,0.60018,2.2898,1.6264,1.9608,0.41983,10.31,1.6828,1.0105,3.1259,1.1986,4.6862,1.491,0.32869,0.89301,0.19001,0.17794,0.20453,0.96443,0.62889,0.19154,2.3054,0.73357,0.50586,0.54739
4.1803,4.0223,3.9256,4.3572,4.6067,4.0055,4.1343,2.8524,4.7748,3.4806,3.6341,5.9593,4.533,3.7292,3.0254,3.7005,2.8363,1.764,3.7609,3.171,4.0868,3.6756,7.4034,3.3332,4.016,3.7754,2.9237,3.1047,3.5301,3.262,4.4803,3.7878
2.0115,1.895,1.8585,1.8681,2.1006,2.2811,2.2294,1.4043,2.1796,1.8138,1.6773,2.3791,2.5515,2.6917,1.5178,1.866,1.6346,1.4951,1.7703,1.625,2.2376,1.6346,2.7718,1.6569,2.1093,1.7671,1.4742,1.9261,1.8664,1.8953,2.0535,1.934
14.724,6.4427,10.194,10.244,11.671,7.2273,3.2301,7.0346,11.355,9.1997,8.3822,6.6508,5.3796,9.1901,8.7982,6.3435,12.136,8.2664,9.6234,5.4714,7.4292,5.6448,9.4467,4.3668,4.4712,8.8266,8.941,11.169,9.5001,10.682,7.8727,9.5742
0.76163,0.59232,1.3979,0.82766,0.82754,1.5985,1.4719,1.2236,1.0988,0.70358,1.2837,0.63949,0.67108,0.46855,0.68785,0.72978,0.66669,1.0531,1.0483,1.1494,1.3256,1.6411,0.24127,0.83614,1.3266,1.3798,0.50381,1.4783,1.1056,1.1189,1.3217,1.5202
0.73359,1.1877,0.65575,0.32973,3.1382,0.97133,1.539,0.56158,0.84775,1.75,0.66684,1.2434,2.9616,4.3809,0.73039,1.2115,0.90483,1.4125,0.38549,1.2668,0.8778,0.45402,1.5048,0.81842,1.03,0.38963,0.6808,0.7973,0.92986,1.9722,1.2834,1.2396
4.9914,4.2085,4.4078,4.8101,5.1501,4.2533,4.0647,3.1741,5.281,3.9205,3.9993,6.0125,4.5981,4.1493,3.4695,3.9038,3.5516,2.2642,4.2119,3.3479,4.3439,3.8271,7.5605,3.4127,4.051,4.164,3.3866,3.725,3.9893,3.8328,4.7412,4.2329
2.027,2.074,1.9184,1.899,2.0004,2.3942,2.4232,1.5232,2.2039,1.8944,1.7756,2.492,2.7482,2.6921,1.5906,1.9979,1.6588,1.4448,1.8387,1.7067,2.3552,1.6849,2.7894,1.7217,2.2721,1.8349,1.5371,1.9436,1.8706,1.9957,2.1775,2.0327
1.9302,2.2805,1.6777,1.3407,1.8504,2.1484,2.5612,1.5489,1.5243,1.4491,1.548,2.4441,3.2759,2.8402,1.4855,1.8057,1.4868,0.96492,1.4783,1.5666,2.109,1.2751,1.8058,1.2808,2.4712,1.6299,1.5478,1.588,1.6835,1.6391,1.8469,1.6883
2.2192,3.0073,2.2789,2.0804,1.997,3.2462,3.8414,1.6557,2.5954,4.3479,2.7824,1.9177,3.5799,3.9845,2.0791,1.8087,1.2862,1.1206,2.28,2.4698,3.4541,1.6825,1.2103,2.2848,3.074,2.0312,1.9791,2.3838,2.0613,2.9447,2.8453,2.451
3.3549,3.7572,3.3088,3.5742,4.5409,3.4491,3.6281,2.5656,4.3957,3.9016,3.2259,4.3842,4.7707,4.2882,2.4837,3.2869,2.935,2.5538,3.1239,3.2697,3.4795,3.4286,5.3355,3.746,3.3567,3.3062,2.5395,3.0195,3.6566,3.5498,3.8592,3.5251
1.1928,1.2288,1.1792,1.0783,1.1742,2.0901,1.7549,0.84225,1.4322,1.0111,1.1878,2.6707,1.829,1.7761,1.0804,1.2954,0.7247,1.7698,1.077,1.0604,1.9206,1.2108,2.3403,0.90714,1.5717,1.1311,0.82583,1.4521,0.7949,1.3808,1.3894,1.4351
1.5059,0.54722,0.80238,0.63773,0.44723,1.3249,1.6411,0.62555,1.4047,1.2747,0.99984,0.3011,3.4652,3.2765,0.86007,1.2308,0.78563,0.34214,0.81086,0.80257,1.1522,1.1917,0.84188,1.6393,1.2082,0.71331,1.3779,1.0083,0.79696,2.0253,1.4658,0.92746
2.0481,1.9606,1.8643,1.8754,2.0531,2.251,2.1956,1.4247,2.1998,1.8525,1.6905,2.383,2.7123,3.0728,1.5342,1.8542,1.6297,1.5138,1.7757,1.5927,2.2,1.6601,2.7896,1.7394,2.0811,1.7488,1.4951,1.8897,1.9367,1.9051,2.0554,1.9598
0.1043,0.5255,0.20798,0.4649,0.058858,0.060701,0.094149,0.045131,0.067413,0.046818,0.08939,0.044126,1.6345,5.4657,0.088331,0.076123,0.046638,0.098641,0.042408,0.073228,0.031543,0.036405,0.04919,1.4823,0.14737,0.054107,0.25914,0.047166,0.47249,0.050078,0.097906,0.086488
0.85258,0.66594,1.814,1.8284,0.013969,0.61533,1.1413,1.4813,1.7294,0.37273,4.4455,0.35207,1.48,0.50522,3.6972,0.60344,0.022232,0.16778,0.083203,1.0405,0.5807,0.20775,0.10503,0.77878,1.1711,1.3983,0.26901,4.4248,1.0102,0.0040235,0.66131,1.7501
1.5261,1.5875,1.5511,1.3064,1.7769,2.1945,1.9001,1.4868,2.5091,2.0374,2.1352,1.8149,2.3623,6.1943,2.0509,1.987,1.5958,3.153,1.929,2.0933,2.2924,1.4854,1.3858,2.0721,2.0099,1.5507,1.45,1.8738,1.5198,2.8032,2.3405,2.2392
0.18644,0.60952,0.13918,0.11536,0.94143,0.28203,0.3296,0.14864,0.093051,0.37048,0.1684,0.22552,0.49401,2.4768,0.24595,0.18807,0.92181,1.4777,0.11329,0.68737,0.25743,0.51047,0.06978,0.1073,0.43122,0.14236,0.072547,0.32492,0.25594,0.96803,0.13254,0.25182
2.0582,1.998,1.8308,1.8332,1.9568,2.2506,2.1826,1.4351,2.1979,1.8895,1.6736,2.4275,2.6818,2.6602,1.5153,1.8636,1.635,1.4501,1.7375,1.6577,2.2163,1.6281,2.7811,1.6196,2.0653,1.7364,1.4645,1.8919,1.8533,1.8774,2.0755,1.9284
2.1196,1.9906,1.8043,1.8016,1.9306,2.2545,2.2122,1.4557,2.1906,1.8796,1.6632,2.4599,2.56,2.6944,1.5413,1.8304,1.6304,1.4472,1.7218,1.6419,2.2113,1.6589,2.7248,1.6053,2.077,1.7377,1.4721,1.8676,1.888,1.8812,2.0417,1.9528
1.6018,1.8128,1.1012,0.57815,1.0967,1.8256,1.7704,1.3602,1.4289,1.7804,1.1104,2.3057,2.4416,2.3823,1.4458,1.248,1.6154,0.98804,0.81224,1.5067,1.9335,1.2294,1.2875,1.0234,1.6369,1.2793,1.2267,1.3966,1.1314,1.7428,1.4335,2.0106
1.9482,1.8636,1.7173,1.7683,1.8538,2.0231,2.1076,1.4136,2.0969,1.7846,1.6089,2.2873,2.4531,2.5788,1.4536,1.7539,1.57,1.215,1.609,1.5884,1.982,1.5806,2.5412,1.5731,2.0049,1.6643,1.3876,1.7771,1.7023,1.772,1.9699,1.816
0.92152,0.71215,0.31262,0.059082,0.5936,0.24221,0.16601,1.2039,0.51556,0.64805,0.59676,0.70066,0.8895,1.3105,0.66435,0.28387,1.5778,0.51791,0.43649,0.74092,0.33035,0.35413,0.1885,0.35163,0.26181,0.7396,0.44637,0.26634,0.43109,0.59892,0.23004,0.69004
0.42753,0.63039,0.25323,0.049654,0.37698,0.60857,0.92711,0.73674,0.42855,0.5978,0.78217,0.30563,2.7255,4.1512,0.4013,0.30735,0.26433,0.28618,0.41645,0.76644,0.25575,0.58675,0.1405,0.69856,0.63205,0.73888,0.23142,0.3793,0.34034,0.59891,0.54593,0.50925
1.666,1.5892,1.6272,1.5491,1.7887,2.0073,2.0282,1.2252,1.9346,1.5334,1.5692,2.1931,2.3326,2.6296,1.4733,1.6742,1.3404,1.6512,1.5564,1.5143,1.9251,1.5551,2.4037,1.5921,1.9686,1.5278,1.2115,1.5725,1.645,1.6934,1.9177,1.7291
1.1212,1.6909,1.9507,0.83131,1.303,1.8917,2.2044,1.5943,1.401,2.145,1.5284,1.8012,2.2463,7.6389,1.6984,2.4464,2.0515,1.4018,1.4927,1.4279,1.9794,1.4414,0.86115,1.092,2.1854,1.4787,2.0337,1.6675,1.1938,2.2583,2.4174,2.2589
2.017,1.953,1.8795,1.9343,2.0342,2.2811,2.1462,1.4581,2.2145,1.9198,1.7081,2.4955,2.5486,2.5727,1.5913,1.9273,1.6669,1.4321,1.7543,1.6962,2.2236,1.6292,2.8829,1.7033,2.023,1.8107,1.5134,1.9497,1.8993,1.9025,2.1339,1.9852
1.6162,2.7938,2.0267,2.0128,2.4393,2.3682,4.6033,2.0797,1.8817,1.4084,2.328,1.3454,3.6159,2.6015,1.791,1.8898,1.8647,1.0857,1.5314,1.858,1.8735,2.3407,0.58913,1.6207,4.63,2.2513,1.5999,1.8948,1.529,1.8549,2.3551,2.058
2.1939,2.2593,2.9408,3.1837,2.3545,2.7677,2.0087,2.6452,2.4759,2.6501,2.3334,2.3621,2.9585,3.1056,2.2494,3.3818,2.5359,2.1075,2.6734,4.3208,2.6496,1.9374,1.6319,1.4684,2.0225,2.701,2.3087,2.1018,3.0382,2.6449,3.8098,2.7661
3.5398,4.0782,3.5595,3.8678,4.9502,3.6616,3.8268,2.7596,4.6948,4.1642,3.4486,4.7925,4.9013,4.3894,2.646,3.4926,3.1499,2.775,3.3552,3.5164,3.7122,3.6523,5.7849,3.9567,3.5716,3.5655,2.6556,3.2206,3.9425,3.7023,4.0986,3.7848
1.3099,1.1766,1.1154,0.97159,1.111,1.9036,1.618,0.78597,1.3449,1.0098,1.1117,2.314,2.0173,2.0981,0.99289,1.2052,0.77289,1.6873,0.98773,0.9822,1.734,1.2698,2.1353,0.88108,1.4243,1.0684,0.80223,1.333,0.80053,1.3244,1.317,1.3839
2.1325,2.0214,1.83,1.8231,2.0714,2.2063,2.2666,1.4443,2.185,1.8731,1.8091,2.4412,2.9054,3.294,1.5202,1.8304,1.6094,1.4854,1.738,1.7169,2.1975,1.6942,2.819,1.6193,2.115,1.7494,1.4621,1.922,1.8808,1.9883,2.0465,1.9683
0.29102,0.47627,0.079904,0.0027346,0.15929,0.48251,0.75298,0.21822,0.15428,0.24271,0.088132,0.19,0.94092,0.5304,0.20262,0.032454,0.28632,0.14998,0.27924,0.19953,0.43664,0.15765,0.1397,0.046738,0.7874,0.26893,0.022863,0.31811,0.076052,0.25718,0.034257,0.17802
0.30382,0.37139,0.15246,0.062168,0.11746,0.36239,0.57664,0.19143,0.30162,0.29646,0.13778,0.1464,0.70332,0.37368,0.22217,0.044142,0.20219,0.13821,0.23001,0.32174,0.3413,0.20348,0.10477,0.16352,0.62755,0.32587,0.069902,0.37125,0.1346,0.18832,0.085552,0.24818
0.0069944,0.16112,0.00039461,0,0.095566,0.027794,0.0075118,0.00093145,0.0093996,0.012972,3.624,0,6.0881,7.3234,0.017712,0.00765,0.011737,0.36661,0.0033703,0.19014,0.0043981,0.011951,0,0,0.0032346,0.00071154,0.00096478,0.023793,0.41832,0.031204,0.014281,0.0015757
3.7246,3.4941,3.5345,3.8536,4.0806,3.5222,3.7015,2.5809,4.2477,3.0658,3.2367,5.2294,3.9782,3.3444,2.6755,3.2669,2.4725,1.6584,3.3826,2.8695,3.6643,3.3409,6.4319,2.9412,3.5866,3.3839,2.5443,2.7948,3.1742,2.9443,3.9539,3.4615
2.153,2.0696,2.0053,2.0488,2.0892,2.4327,2.3621,1.5606,2.3716,1.9936,1.8211,2.5629,2.6896,2.7762,1.6483,2.0483,1.7643,1.5603,1.9158,1.7437,2.3997,1.7288,2.9708,1.7921,2.2419,1.902,1.6093,2.0447,1.9696,2.056,2.27,2.1054
1.527,1.9397,2.0956,1.8809,2.1649,1.3236,2.5598,1.5042,1.2274,1.0219,1.7476,1.3541,3.4847,3.1871,1.7281,1.9708,1.027,1.3737,1.5477,1.3949,1.6411,1.3985,0.62067,0.97523,2.6181,1.6919,1.3542,1.2348,1.2947,1.6568,1.8158,2.0165
2.1383,2.0204,1.9007,1.944,2.0928,2.2381,2.2064,1.4922,2.3274,1.924,1.7709,2.5598,2.5828,2.7008,1.5703,1.9135,1.6851,1.3221,1.8052,1.7359,2.1967,1.7587,2.8763,1.7851,2.0772,1.8458,1.5251,1.9824,1.8694,2.0049,2.1342,2.0022
1.925,1.8501,1.7318,1.6896,1.8796,2.0103,1.9819,1.3566,2.058,1.7354,1.5763,2.2818,2.586,2.8984,1.4294,1.7493,1.5151,1.2885,1.6735,1.5567,1.9579,1.577,2.6152,1.5439,1.8751,1.6141,1.3888,1.7774,1.7486,1.7406,1.9531,1.8503
0.23139,0.048778,1.3388,0.0093129,0.29215,0.25504,0.41021,0.44768,0.11493,0.14203,0.34925,0.043536,0.056311,13.995,1.0192,1.5312,0.061589,0.056265,1.8603,0.061532,0.36864,0.091075,0.19017,0.070434,0.38654,0.71564,0.81562,0.31507,0.063712,0.15203,1.0636,2.0381
0.55853,0.30272,0.89179,0.28514,0.77171,0.61717,0.68246,0.77342,0.52678,0.8821,0.7649,0.73455,1.3506,6.1606,0.97735,0.9746,0.98905,0.76523,1.2015,0.82207,0.77243,0.80508,0.34539,0.67091,0.62086,0.80404,0.69519,0.76006,0.67417,0.56939,0.9458,1.3185
0.70637,0.37245,1.2357,0.36969,0.94639,0.84439,0.94744,0.9515,0.71463,1.1449,0.98251,0.92584,1.8726,8.9763,1.3245,1.3303,1.2714,1.0683,1.7172,0.92565,1.0301,1.1,0.38056,0.82897,0.83809,1.0204,0.92477,1.0041,0.6995,0.57897,1.2827,1.8219
0.25419,0.16242,1.2263,0.16369,0.17356,0.21184,0.24865,0.30183,0.25255,0.11525,0.48695,0.048122,0.37712,7.8164,0.74813,1.1662,0.042765,0.04085,1.3151,0.059724,0.28222,0.073857,0.097258,0.068031,0.24701,0.50497,0.6183,0.36277,0.40247,0.1212,1.1911,1.6968
0.67591,0.45322,1.1868,0.38281,0.48592,0.87902,1.1275,0.999,0.6054,0.84225,0.85948,0.60177,2.75,6.864,1.009,1.1898,1.0143,0.77773,1.5067,0.7462,0.92032,0.59362,0.20641,0.58286,1.318,0.68659,1.0015,0.91985,0.5887,0.45042,1.2949,1.4833
0.026755,0.33906,0.080695,0.022613,0.039861,0.67671,0.98174,0.043088,0.0056122,0.017157,0.014672,0.0068614,0.75001,0.25681,0.052075,0.030624,0.035735,0.089813,0.012939,0.078542,0.9155,0.00995,0.01878,0.041392,0.96863,0.038868,0.027701,0.76148,0.068998,0.01552,0.031265,0.021201
1.2878,1.5577,0.39145,0.35642,2.0402,0.66653,0.74462,0.55077,0.45973,0.62864,2.4152,0.89679,4.8814,5.5478,0.75354,0.40973,0.58331,0.66842,0.41054,0.91045,0.57801,0.79537,1.0933,0.39983,0.66153,0.57617,0.48292,0.76305,0.7159,0.73111,0.506,0.51555
2.1818,2.0391,1.8763,1.8752,2.033,2.3384,2.3123,1.4656,2.2365,1.9233,1.8052,2.5063,2.8398,3.2094,1.5526,1.8796,1.6401,1.5828,1.7804,1.739,2.3009,1.7339,2.9014,1.6561,2.1663,1.7866,1.5008,1.9696,1.901,2.0151,2.0926,2.0034
0.25152,5.1253,0.27791,0.077587,0.54338,0.49661,0.58022,1.6456,0.86991,0.29544,1.0374,0.32062,1.2716,0.80452,0.77119,0.28227,0.042371,0.096822,0.25999,0.97388,0.53195,0.41906,0.32983,0.68438,0.62809,1.7425,0.20488,0.37621,0.26066,0.092683,0.60061,0.77515
0.0096762,0.33345,0.03323,0.00044487,0.0069843,0.30817,0.57067,0.0019751,0.0022992,0.0027654,0.0062811,0.0016416,0.74158,0.25261,0.036505,0.0025382,0.011116,0.083888,0.0047819,0.017571,0.29035,0.0015726,0.0058341,0.32403,0.58556,0.024292,0.0038595,0.21682,0.028084,0.0020118,0.002548,0.005599
1.9934,1.7048,0.81553,0.73303,0.76481,1.5645,1.8518,0.97495,1.1996,1.5746,2.2283,1.1413,4.6481,8.77,0.93084,0.78962,0.98742,1.0714,0.79964,2.0578,1.7989,1.1779,1.3114,0.76729,1.705,0.86957,0.72848,1.4865,0.77277,2.4938,0.9741,1.2398
2.0688,2.0488,1.8945,1.8675,1.9794,2.3129,2.2719,1.529,2.217,1.9205,1.7785,2.4318,2.6692,2.8381,1.5925,1.9101,1.6847,1.5464,1.8345,1.6921,2.2824,1.699,2.8366,1.707,2.1256,1.8352,1.54,1.9431,1.9118,2.0084,2.1041,2.0165
1.5638,2.2635,1.0069,0.6372,1.1505,1.4925,1.664,1.9615,1.3309,1.657,1.8908,1.9605,2.646,3.0285,1.4909,0.95599,1.567,1.4556,1.5796,1.9259,1.5535,1.7823,1.3988,1.5247,1.3877,1.881,1.3125,1.3531,1.2222,2.304,1.0191,1.9126
3.7294,4.1244,3.865,4.2552,4.2977,4.5617,4.4141,2.7305,4.4941,3.362,3.6357,6.054,4.7959,5.1672,2.9573,3.6314,2.6944,1.8412,3.7319,3.1418,4.5354,3.6129,7.6418,3.24,4.2685,3.8605,2.8541,3.3578,3.7537,3.0942,4.3536,4.0528
1.2439,2.0964,1.1696,0.75661,1.8828,1.6632,2.0533,1.1573,1.8893,1.53,1.165,1.1164,1.5207,2.7484,1.8413,1.0149,1.3205,0.94698,1.2183,1.8768,1.4224,0.9505,0.70823,1.6084,1.3821,1.0846,0.83955,1.4966,2.0888,1.2247,1.3652,1.0621
3.5266,3.9474,3.6388,3.9344,4.0819,4.3666,4.2201,2.6009,4.2451,3.2528,3.4667,5.6804,4.674,5.0721,2.8272,3.4385,2.5781,1.7724,3.5176,3.0161,4.3561,3.423,7.1371,3.0521,4.0691,3.6513,2.7192,3.235,3.5291,3.0103,4.1161,3.8505
0.89336,2.4152,1.5591,1.3154,2.8063,2.6393,2.4189,1.4706,2.3902,1.166,1.3115,0.54622,1.3412,2.1354,1.71,1.2318,0.89099,0.70562,1.2717,1.7196,2.4273,0.61521,0.25247,2.252,1.7646,1.0712,1.2333,1.9559,1.7443,1.6768,1.4071,1.0969
1.121,1.5205,1.2039,0.99708,1.407,1.3082,1.5709,0.95779,1.4125,1.0956,0.94303,1.065,1.427,1.4664,1.3227,1.2398,0.97799,0.67621,0.93619,1.5094,1.0546,0.99035,1.4531,1.1526,1.2531,0.97434,1.2194,1.283,1.6808,1.1733,1.2296,1.0069
6.4922,0.29669,0.11217,0.017464,0.89732,0.38075,2.6906,0.021151,0.44548,0.059592,1.2747,0.49182,4.0376,2.9119,0.89337,0.06645,0.0093271,0.19258,0.0086813,0.22866,0.30424,1.4566,4.7296,0.061186,2.8028,0.097777,0.015139,0.27305,0.0467,0.062,0.056658,0.033651
1.8274,1.5649,1.2681,1.5099,1.4922,1.5455,1.5672,1.0834,1.6127,1.4949,1.346,1.6207,2.0731,1.9349,1.175,1.2521,1.3304,1.0857,1.1799,1.4024,1.5151,1.3284,1.8016,1.2985,1.4604,1.3122,1.0256,1.3121,1.4754,1.5543,1.4705,1.4113
1.8161,1.5574,1.2346,1.4763,1.4795,1.5192,1.5453,1.069,1.5905,1.4748,1.3248,1.5747,2.0591,1.9058,1.1581,1.2129,1.3102,1.0765,1.1506,1.3923,1.4812,1.3228,1.7961,1.2744,1.4403,1.2848,1.004,1.2933,1.5025,1.5291,1.4176,1.3846
1.8182,1.5538,1.2359,1.4841,1.4693,1.5217,1.5505,1.0601,1.5956,1.4691,1.3221,1.5714,2.0549,1.9207,1.1526,1.2134,1.2976,1.0693,1.1418,1.389,1.4876,1.3172,1.8011,1.2743,1.4431,1.2823,0.99661,1.2925,1.4628,1.5237,1.4242,1.384
1.7267,1.4283,1.0183,1.3113,1.202,1.3569,1.4108,0.99015,1.3882,1.3309,1.1783,1.4095,1.7971,1.5619,1.0561,1.0199,1.1809,0.89987,1.077,1.2208,1.3141,1.1411,1.587,1.0436,1.3247,1.1162,0.91255,1.1295,1.4131,1.3148,1.1983,1.1879
1.7487,1.5488,1.131,1.3907,1.3639,1.4697,1.5668,1.0373,1.4163,1.3429,1.2532,1.5221,1.8871,1.6351,1.183,1.0773,1.2473,0.9073,1.0968,1.3348,1.4172,1.2385,1.7205,1.1158,1.4706,1.2073,0.96873,1.2516,1.4314,1.408,1.2402,1.2774
1.8267,1.3239,1.0026,1.2784,1.1692,1.3714,1.5026,0.88091,1.3114,1.1147,1.0939,1.3906,1.5313,1.5723,1.023,0.98916,1.0642,0.80215,0.92731,1.0548,1.3377,1.0656,1.7192,1.1042,1.3766,1.072,0.89133,1.1726,1.2926,1.1531,1.157,1.1145
1.7,1.5424,1.3557,1.5516,1.5832,1.6236,1.5463,1.1262,1.6718,1.4882,1.3768,1.664,1.9439,2.0042,1.2315,1.3637,1.3679,1.0933,1.3201,1.3861,1.5948,1.4145,1.8266,1.4801,1.4028,1.3637,1.1126,1.3852,1.4955,1.4967,1.5493,1.4865
1.7002,1.5175,1.2582,1.4876,1.5618,1.5879,1.4695,1.0761,1.5821,1.4484,1.3143,1.6102,1.9425,2.0167,1.172,1.238,1.2998,1.081,1.2414,1.3459,1.5406,1.3855,1.8248,1.3582,1.3262,1.3063,1.0246,1.2957,1.4549,1.4223,1.4265,1.417
2.0267,2.1034,1.9451,1.9636,2.2265,2.7673,2.4657,1.4079,2.1952,1.7645,1.8196,2.7721,2.5369,2.8534,1.5596,1.7755,1.4283,1.2707,1.791,1.7648,2.6774,1.8004,3.2859,1.6487,2.3557,2.0109,1.4058,1.805,1.971,1.6393,2.1023,1.9961
0.69825,0.69146,0.46601,0.35625,0.47407,0.79127,0.83205,0.38627,0.44091,0.495,0.47799,0.67069,0.95152,1.3544,0.48913,0.3704,0.4135,0.34182,0.45935,0.52386,0.74043,0.45925,0.53504,0.36271,0.74619,0.45557,0.36255,0.6033,0.61255,0.49059,0.39884,0.59122
1.6785,1.6185,1.3983,1.3859,1.5477,1.783,1.8422,1.0571,1.6371,1.358,1.4006,2.1427,2.0856,2.3292,1.1616,1.2987,1.0871,0.77886,1.2908,1.491,1.7484,1.323,2.5284,1.2248,1.768,1.4391,1.0578,1.3679,1.3966,1.4123,1.5323,1.5189
0.71878,0.58603,0.37828,0.32263,0.44259,0.75578,0.751,0.3513,0.41343,0.41457,0.43127,0.71625,0.92346,1.441,0.41639,0.3626,0.35705,0.31632,0.34894,0.54773,0.72295,0.4832,0.63403,0.34035,0.65123,0.42431,0.30956,0.56595,0.5229,0.47634,0.38516,0.55193
1.9561,2.0418,1.7679,1.8193,2.1123,2.3513,2.2306,1.3278,2.1364,1.7219,1.7617,2.6162,2.5759,2.8918,1.4711,1.6406,1.3861,1.1518,1.6765,1.9184,2.2803,1.6827,3.1189,1.6074,2.1327,1.7875,1.3088,1.7124,1.8733,1.7863,1.9836,1.9225
1.025,1.0892,0.71517,0.48237,0.7646,1.3218,1.18,0.63037,0.64613,0.7847,0.71984,1.2257,1.4007,1.8787,0.711,0.58116,0.62956,0.72685,0.68355,0.85419,1.2053,0.70379,1.0312,0.52016,1.0279,0.76203,0.5325,0.92746,0.86271,0.81254,0.60352,0.86486
1.9561,2.0418,1.7679,1.8193,2.1123,2.3513,2.2306,1.3278,2.1364,1.7219,1.7617,2.6162,2.5759,2.8918,1.4711,1.6406,1.3861,1.1518,1.6765,1.9184,2.2803,1.6827,3.1189,1.6074,2.1327,1.7875,1.3088,1.7124,1.8733,1.7863,1.9836,1.9225
0.73056,0.739,0.46476,0.3525,0.53492,0.75594,0.81331,0.3997,0.42834,0.47928,0.46815,0.67422,0.90908,1.3543,0.50593,0.3656,0.42977,0.33874,0.45672,0.54203,0.7011,0.4534,0.51996,0.35316,0.71214,0.48038,0.36245,0.58656,0.61554,0.4667,0.39351,0.57567
0.76637,0.79743,0.60015,0.52879,0.58267,0.9603,1.0287,0.48967,0.63678,0.63508,0.58462,1.0119,1.1037,1.3166,0.62533,0.55422,0.53873,0.50303,0.58803,0.64476,0.91043,0.5669,0.95007,0.5206,0.92616,0.62229,0.45209,0.75522,0.62479,0.61652,0.6081,0.7166
1.1389,1.1372,0.7461,0.50489,0.83869,1.2351,1.2675,0.64837,0.6947,0.82818,0.76134,1.2957,1.4883,2.0063,0.76267,0.61296,0.6748,0.53799,0.71871,0.89745,1.1502,0.75927,1.0913,0.54489,1.1015,0.76897,0.56232,0.98508,0.93519,0.85722,0.63889,0.90737
0.38699,0.62203,0.255,0.16688,0.49399,0.26884,0.3755,0.30914,0.11226,0.32242,0.19249,0.33102,0.23136,0.5162,0.38984,0.15803,0.3567,0.11428,0.24615,0.43391,0.28497,0.12371,0.076255,0.16922,0.25336,0.44752,0.20181,0.20254,0.59948,0.15659,0.32928,0.25964
1.1495,1.1211,0.75331,0.51094,0.82602,1.261,1.2923,0.64413,0.71349,0.8309,0.77419,1.3094,1.5255,2.033,0.75669,0.62298,0.6653,0.54654,0.72454,0.89623,1.1727,0.77536,1.1241,0.55086,1.1342,0.75482,0.56564,1.0067,0.94825,0.87617,0.63231,0.91859
2.0583,2.1021,1.9933,2.1169,2.2413,2.1049,2.2957,1.5124,2.2667,1.9132,1.9566,2.9118,2.3954,1.9167,1.7047,1.9346,1.6333,1.1549,1.9114,1.7038,2.0485,1.6976,3.4718,1.7264,2.1666,1.978,1.5256,1.7626,2.0709,1.7781,2.1997,2.0117
0.72035,0.60822,0.38295,0.3213,0.45742,0.77125,0.75838,0.35245,0.4128,0.42313,0.43154,0.71597,0.93364,1.4425,0.41596,0.3626,0.35829,0.31444,0.35819,0.54735,0.73597,0.48329,0.63467,0.34388,0.65868,0.42478,0.30792,0.57262,0.51137,0.49875,0.39647,0.55295
3.1123,3.2627,2.9605,3.1222,3.4412,4.0261,3.5174,2.1782,3.5068,2.7866,2.8486,4.4174,3.7696,4.1614,2.4187,2.7545,2.1922,1.9014,2.8434,2.7063,3.9174,2.8187,5.4445,2.5583,3.294,3.0235,2.2028,2.7593,3.0025,2.4473,3.3418,3.1285
2.4134,2.3274,2.1698,2.5325,2.5211,3.0821,2.6226,1.6707,2.6244,2.0866,2.1672,3.1691,2.9083,3.1741,1.8742,1.9874,1.6193,1.4348,2.0654,2.2029,3.0657,2.4428,4.52,2.0247,2.3819,2.2951,1.5899,2.2156,2.2437,1.8706,2.4134,2.3117
0.24774,0.21898,0.2043,0.14627,0.18562,0.51343,0.30566,0.18623,0.2187,0.21672,0.30449,0.28327,0.36783,0.9272,0.20765,0.20738,0.21444,0.45039,0.17519,0.23309,0.44939,0.17828,0.2006,0.1896,0.30253,0.21491,0.16472,0.20524,0.30452,0.17729,0.22379,0.25824
0.72772,0.73882,0.73699,0.7308,0.63968,1.3375,1.2007,0.57045,0.90689,0.65061,0.82044,1.4529,1.1707,1.9188,0.71035,0.7979,0.61516,0.93109,0.67341,0.67665,1.2903,0.68397,1.4219,0.67211,1.0836,0.79801,0.54096,0.91526,0.47688,0.76466,0.91296,0.8398
0.27192,0.25713,0.17114,0.08168,0.11896,0.3407,0.50268,0.13872,0.23813,0.20192,0.38195,0.15675,0.32385,1.2689,0.28635,0.16654,0.15606,0.11139,0.14333,0.25326,0.38755,0.25171,0.17159,0.14126,0.49285,0.14846,0.12322,0.22885,0.1321,0.11861,0.19164,0.24966
0.27192,0.25713,0.17114,0.08168,0.11896,0.3407,0.50268,0.13872,0.23813,0.20192,0.38195,0.15675,0.32385,1.2689,0.28635,0.16654,0.15606,0.11139,0.14333,0.25326,0.38755,0.25171,0.17159,0.14126,0.49285,0.14846,0.12322,0.22885,0.1321,0.11861,0.19164,0.24966
1.4372,1.2049,2.394,2.1624,0.80014,1.2971,1.1181,0.62328,1.4365,1.2601,2.4131,0.43612,0.6673,0.82403,1.6995,1.4739,0.45836,0.28391,1.2891,0.93922,1.6539,0.61821,0.10808,0.76485,1.2384,1.5575,2.666,1.4339,0.34646,0.38346,1.2959,2.2836
1.5947,1.4116,1.0937,1.4129,1.3886,1.3888,1.2909,0.98135,1.4559,1.3497,1.2217,1.3351,1.7288,1.5687,1.0483,1.1197,1.2051,1.003,1.0925,1.2135,1.3511,1.2304,1.4296,1.275,1.1835,1.166,0.9386,1.1937,1.2859,1.3938,1.2568,1.2973
1.2369,1.1201,0.69085,0.78961,0.9904,1.094,0.96623,0.73338,0.86459,0.8933,0.83428,1.1175,1.3355,1.1825,0.78183,0.68137,0.83624,0.66054,0.73391,0.93239,1.0829,0.82707,1.283,0.87555,0.89343,0.87218,0.5824,0.88342,0.8905,0.94381,0.76654,0.87586
1.2007,1.0845,0.67885,0.76201,0.99413,1.0462,0.91954,0.74391,0.8594,0.90627,0.83693,1.1553,1.3197,1.0999,0.79837,0.67581,0.83924,0.6343,0.74475,0.92956,1.0302,0.83149,1.1919,0.83627,0.85461,0.86156,0.59476,0.86824,0.88802,0.97821,0.7557,0.89942
3.518,2.1808,4.5996,4.364,2.171,1.2948,1.2545,1.2417,3.2152,0.85672,2.168,1.451,0.87908,2.4911,1.5195,0.71817,1.0015,1.1604,1.7428,1.1434,1.1403,1.2946,1.3084,0.67822,1.2643,1.5414,1.7151,1.6679,0.85093,1.3194,1.1424,2.4157
2.202,2.7852,2.7281,2.172,2.4864,3.4815,3.5144,2.3632,2.4901,2.7688,2.7472,2.1097,2.7678,2.0521,2.1228,2.6041,1.813,1.2204,2.6031,2.1171,3.1978,1.7703,1.7841,1.9795,3.5052,2.4742,2.1635,2.9889,2.886,3.032,2.7217,2.6585
0.86846,1.1408,0.94897,0.74757,0.59318,1.1051,1.1969,0.78056,0.99035,1.0483,0.8665,0.71629,1.273,0.96718,0.89572,1.0853,0.76237,0.69628,0.90843,0.99578,1.1117,1.0818,0.57736,0.92186,1.1007,0.72218,0.9381,1.0462,0.84538,1.138,1.0957,1.0393
1.042,1.8224,1.079,0.74512,1.0295,1.5148,1.3598,1.279,1.2833,1.2976,1.0107,2.1897,1.4345,1.7945,1.0459,1.0742,1.2835,0.57847,0.98084,1.426,1.6156,1.0234,2.1541,0.97009,1.2305,1.204,1.1565,1.0525,1.4762,1.2918,1.1121,1.1682
0.53504,0.16793,0.51291,0.77235,0.38037,0.56093,0.55757,0.26021,0.37454,0.24783,0.24995,0.14104,0.45334,0.67402,0.20628,0.82722,0.18302,0.047476,0.35024,0.26739,0.61219,0.14694,0.23817,0.26607,0.56204,0.30903,0.2468,0.3136,0.43901,0.24047,0.79418,0.3724
1.8859,0.97751,0.99606,1.2276,1.1831,1.1025,1.027,0.62728,1.1098,1.0053,0.88691,0.89117,1.4053,0.72671,1.3309,0.74349,0.86424,0.90314,1.0877,0.78176,1.023,1.2644,0.27757,0.44869,1.1015,0.86213,0.61291,1.1501,3.2359,1.0669,1.0256,1.0844
4.8299,3.0657,3.7849,6.3987,3.7053,3.1599,4.2181,2.9243,4.9716,3.6646,3.5591,4.299,4.574,4.7149,4.1137,4.3749,5.113,2.0542,3.4328,3.1347,2.9687,2.7495,2.6485,2.8862,3.4477,3.8937,7.8566,4.5128,4.3451,3.1474,4.6852,3.5784
1.8365,2.3719,1.4836,4.7429,1.8215,2.5038,1.8486,1.7076,1.8031,1.9879,1.7046,1.9218,2.6135,2.584,1.6716,1.5205,1.6661,1.9663,1.6283,2.1895,2.6626,2.6096,3.0429,1.9232,1.516,1.853,1.434,1.9913,1.5557,1.9563,1.6613,1.7018
1.3732,1.4397,1.6975,1.1305,1.1412,1.5853,1.6831,1.7697,1.6832,1.6436,1.7291,0.99648,1.325,1.1313,1.7408,1.9506,1.4599,0.84541,1.4459,1.5468,1.8676,1.162,0.59652,2.3988,1.5618,1.4174,1.489,1.6404,1.5424,2.0111,1.9608,1.6531
0.32757,0.48647,0.40024,0.20378,0.47669,0.64249,0.41998,0.5858,0.48054,0.79409,0.42316,0.47439,0.44832,0.25572,0.37954,0.41475,0.65885,0.18479,0.51622,0.44419,0.55618,0.29266,0.20355,0.3393,0.4557,0.58327,0.31072,0.37886,0.62496,0.43857,0.52698,0.51632
1.3863,1.4036,2.1165,2.3808,0.78502,1.5522,1.3451,1.0838,1.2278,1.1583,1.9306,0.89819,1.2211,1.0445,2.0224,2.2924,1.2758,1.1477,1.861,1.305,1.4676,1.75,0.42282,1.4097,1.4233,1.3178,2.4074,1.6982,0.96389,1.6298,1.954,2.1092
-1,-1,-1,-1,-1,-1,-1,-1,-1,-1,-1,-1,-1,-1,-1,-1,-1,-1,-1,-1,-1,-1,-1,-1,-1,-1,-1,-1,-1,-1,-1,-1
-1,-1,-1,-1,-1,-1,-1,-1,-1,-1,-1,-1,-1,-1,-1,-1,-1,-1,-1,-1,-1,-1,-1,-1,-1,-1,-1,-1,-1,-1,-1,-1
0.98892,1.036,1.4995,1.4309,0.53094,1.3525,1.1579,0.7876,0.83773,0.96389,1.4111,0.64226,1.0132,0.86471,1.4151,1.8554,0.89218,0.74463,1.4099,1.0201,1.3484,1.1956,0.29748,0.9002,1.1844,0.9481,1.686,1.291,0.74838,1.2548,1.5353,1.6
2.175,1.9786,2.7059,2.8074,2.1877,4.4132,4.3737,1.8976,3.5974,3.3409,3.9504,1.7994,4.7276,2.2716,2.1525,2.5911,2.9216,1.7686,3.1398,2.4416,4.5507,3.2099,1.3208,1.8706,4.1202,2.086,2.1285,4.7008,1.9854,3.2049,2.5068,3.4544
1.3691,1.4896,1.9861,1.2978,1.3224,4.6106,4.3515,1.2312,2.3171,2.1649,2.7669,0.98465,3.5064,1.5983,1.1807,1.2216,2.5795,1.5656,1.4795,1.8679,4.3849,2.1661,1.1429,1.4099,3.3914,1.6255,0.92531,4.6888,1.5188,1.6342,2.0323,2.5374
4.051,4.4688,4.552,3.8864,3.9367,6.1561,5.5395,3.2734,5.4268,6.0193,5.1039,2.9527,9.8438,4.7629,3.4587,3.4053,7.724,4.478,4.3805,5.4585,6.5732,5.3746,3.4288,4.2162,5.2147,3.9791,2.7474,7.6558,4.0981,4.4684,4.3637,6.7014
0.24241,0.44467,0.22543,0.26964,0.31576,0.48619,0.18148,0.21149,0.4,0.21577,0.33319,0.34661,0.29127,0.22906,0.26298,0.24387,0.42657,0.15334,0.44388,0.20709,0.51197,0.22096,0.15161,0.16002,0.17317,0.29161,0.23227,0.18625,0.36693,0.39853,0.27758,0.29216
0.24241,0.44467,0.22543,0.26964,0.31576,0.48619,0.18148,0.21149,0.4,0.21577,0.33319,0.34661,0.29127,0.22906,0.26298,0.24387,0.42657,0.15334,0.44388,0.20709,0.51197,0.22096,0.15161,0.16002,0.17317,0.29161,0.23227,0.18625,0.36693,0.39853,0.27758,0.29216
0.16978,0.17404,0.21218,0.12356,0.089278,0.27831,0.26552,0.14939,0.14252,0.16122,0.21589,0.13973,0.21451,0.19164,0.23809,0.25943,0.14223,0.10181,0.28415,0.19417,0.30756,0.16811,0.046608,0.10924,0.2073,0.17263,0.18226,0.23461,0.15003,0.19962,0.21352,0.22894
0.1576,0.16638,0.14273,0.22496,0.17768,0.28591,0.21612,0.18924,0.17279,0.18486,0.3102,0.16649,0.15305,0.12736,0.17373,0.17416,0.14962,0.12049,0.18509,0.12833,0.28375,0.13344,0.13975,0.10346,0.20845,0.21968,0.15576,0.13989,0.16081,0.19623,0.15593,0.19042
